[
    {"FirstName":"Gary","LastName":"Trudeau","Email":"question@doonsbury.com","HomePhone":"(888)431-6789","StreetAddress1":"1444 Hollywood Avenue","City":"New York","State":"NY","Title":"Comedian","HourlyWage":"14.65","TaxRate":".15","Hours":"15"},
    {"FirstName":"Yehuda","LastName":"Moon","Email":"mechanic@yourlbs.com","HomePhone":"(423)569-8363","StreetAddress1":"586 Main Street","City":"Oneida","State":"TN","Title":"Bicycle Mechanic","HourlyWage":"8.55","TaxRate":".08","Hours":"24"},
    {"FirstName":"Bob","LastName":"Slydell","Email":"redstapler@tpsreports.net","HomePhone":"(685)997-3382","StreetAddress1":"1029 Dell Way","City":"Austin","State":"TX","Title":"Consultant","HourlyWage":"10.12","TaxRate":".11","Hours":"20"},
    {"FirstName":"Kenneth","LastName":"Parcell","Email":"imortal@nbc.com","HomePhone":"(867)432-5309","StreetAddress1":"686 Pig Lane","City":"Stone Mountain","State":"GA","Title":"Page","HourlyWage":"14.85","TaxRate":".15","Hours":"85"},
    {"FirstName":"Colter","LastName":"Wall","Email":"notfrom@northernmontana.org","HomePhone":"(617)865-7990","StreetAddress1":"6778 Route 11","City":"Swift Current","State":"Saskatchewan","Title":"Troubadour","HourlyWage":"15.92","TaxRate":".15","Hours":"39"},
    {"FirstName":"Norm","LastName":"Abram","Email":"norm@toh.com","HomePhone":"(213)412-6390","StreetAddress1":"902 Schooner Lane","City":"Woonsocket","State":"RI","Title":"Craftsman","HourlyWage":"21.10","TaxRate":".20","Hours":"40"},
    {"FirstName":"Dante","LastName":"Hicks","Email":"clerk@quickstop.com","HomePhone":"(609)577-4369","StreetAddress1":"1454 Maple Circle","City":"Leonardo","State":"NJ","Title":"Clerk","HourlyWage":"9.12","TaxRate":".08","Hours":"43"},
    {"FirstName":"Winifred","LastName":"Sanderson","Email":"freecandy@childrenforsupper.com","HomePhone":"NA","StreetAddress1":"87 Styx River Road","City":"Salem","State":"MA","Title":"Chief Executive Officer","HourlyWage":"14.65","TaxRate":".18","Hours":"6"},
    {"FirstName":"Scott","LastName":"Forstall","Email":"skuemorphism@notapple.com","HomePhone":"(703)121-6081","StreetAddress1":"753 First Avenue North","City":"Bremerton","State":"WA","Title":"Designer","HourlyWage":"22.00","TaxRate":".20","Hours":"55"},
    {"FirstName":"Sterling","LastName":"Archer","Email":"duchess@isis.net","HomePhone":"(565)439-5449","StreetAddress1":"101 Broadway","City":"New York","State":"NY","Title":"Spy","HourlyWage":"12.25","TaxRate":".15","Hours":"37"},
    {"FirstName":"Christopher","LastName":"Schwarz","Email":"handtools@lostartpress.com","HomePhone":"(865)770-0001","StreetAddress1":"837 Willard Street","City":"Covington","State":"KY","Title":"Author","HourlyWage":"8.90","TaxRate":".08","Hours":"46"},
    {"FirstName":"Tony","LastName":"Bennet","Email":"original@ratpack.org","HomePhone":"(877)503-1414","StreetAddress1":"10 5th Avenue","City":"New York","State":"NY","Title":"Crooner","HourlyWage":"10.12","TaxRate":".11","Hours":"8"}
]